[

    {
        "idcar":"1",
        "mat1":"155",
        "mat2":"6985",
        "Matricule":"112 Tunis 8965",
        "id_user":"1",    
        "model":"audi"


    },
    
    {
        "idcar":"2",
        "mat1":"155",
        "mat2":"6985",
        "Matricule":"120 Tunis 4215",
        "id_user":"2",    
        "model":"opel"
    },
    
    {
        "idcar":"3",
        "mat1":"125",
        "mat2":"6854",
        "Matricule":"202 Tunis 1004",
        "id_user":"3",    
        "model":"bmw"


    }
    
    
    ]





