[
    {
        "pseudo": "dali14",
        "Name": "dali",
        "ville": "ariana",
        "email": "dali@dali.com",
        "password": "123456",
        "tel":"20154458"
       
    },
    {
        "pseudo": "dali14",
        "Name": "samir",
        "ville": "ariana",
        "email": "dali@dali.com",
        "password": "123456",
        "tel":"20154458"
       
    },
    {
        "pseudo": "dali14",
        "Name": "dali",
        "ville": "ariana",
        "email": "dali@dali.com",
        "password": "123456",
        "tel":"20154458"
     
    },
    {
        "pseudo": "dali14",
        "Name": "dali",
        "ville": "ariana",
        "email": "dali@dali.com",
        "password": "123456",
        "tel":"20154458"
        
    },
    {
        "pseudo": "dali14",
        "Name": "dali",
        "ville": "ariana",
        "email": "dali@dali.com",
        "password": "123456",
        "tel":"20154458"
       
    }
]
